type,cosine
intra_CANDIDAT,0.09884978830814362
intra_CANDIDAT,0.35614800453186035
intra_CANDIDAT,0.029666922986507416
intra_CANDIDAT,0.07533539086580276
intra_CANDIDAT,0.1436230093240738
intra_CANDIDAT,0.15849480032920837
intra_CANDIDAT,0.20684821903705597
intra_CANDIDAT,0.06451724469661713
intra_CANDIDAT,0.11209850758314133
intra_CANDIDAT,0.12989073991775513
intra_CANDIDAT,0.22922541201114655
intra_CANDIDAT,0.14720548689365387
intra_CANDIDAT,0.23243902623653412
intra_CANDIDAT,0.3138900697231293
intra_CANDIDAT,0.1492980569601059
intra_CANDIDAT,0.22400826215744019
intra_CANDIDAT,0.0652569904923439
intra_CANDIDAT,0.08885662257671356
intra_CANDIDAT,0.07783348113298416
intra_CANDIDAT,0.31330516934394836
intra_CANDIDAT,0.4461999833583832
intra_CANDIDAT,0.15299199521541595
intra_CANDIDAT,0.12086763978004456
intra_CANDIDAT,0.07714006304740906
intra_CANDIDAT,0.34165146946907043
intra_CANDIDAT,0.005035412963479757
intra_CANDIDAT,0.05990269035100937
intra_CANDIDAT,0.2373221069574356
intra_CANDIDAT,0.7119268774986267
intra_CANDIDAT,0.12660695612430573
intra_CANDIDAT,0.24348218739032745
intra_CANDIDAT,0.2355426847934723
intra_CANDIDAT,0.25522810220718384
intra_CANDIDAT,0.08275560289621353
intra_CANDIDAT,0.07167134433984756
intra_CANDIDAT,0.26514801383018494
intra_CANDIDAT,0.13528315722942352
intra_CANDIDAT,0.0866595059633255
intra_CANDIDAT,0.2066255807876587
intra_CANDIDAT,0.15532106161117554
intra_CANDIDAT,0.0552009642124176
intra_CANDIDAT,0.22621750831604004
intra_CANDIDAT,0.2269979864358902
intra_CANDIDAT,0.27973607182502747
intra_CANDIDAT,0.9443496465682983
intra_CANDIDAT,0.17771711945533752
intra_CANDIDAT,0.28186553716659546
intra_CANDIDAT,0.3144620954990387
intra_CANDIDAT,0.30395397543907166
intra_CANDIDAT,0.28705963492393494
intra_CANDIDAT,0.2573118209838867
intra_CANDIDAT,0.17889373004436493
intra_CANDIDAT,0.28776365518569946
intra_CANDIDAT,-0.06924144923686981
intra_CANDIDAT,0.29413047432899475
intra_CANDIDAT,0.15673331916332245
intra_CANDIDAT,0.1302708238363266
intra_CANDIDAT,0.18394143879413605
intra_CANDIDAT,0.20465615391731262
intra_CANDIDAT,0.18494604527950287
intra_CANDIDAT,0.25824660062789917
intra_CANDIDAT,0.4731886088848114
intra_CANDIDAT,0.13869942724704742
intra_CANDIDAT,0.12114768475294113
intra_CANDIDAT,0.2215011864900589
intra_CANDIDAT,0.11987005174160004
intra_CANDIDAT,0.13616925477981567
intra_CANDIDAT,0.03743521124124527
intra_CANDIDAT,0.4130440056324005
intra_CANDIDAT,0.172367662191391
intra_CANDIDAT,0.16303576529026031
intra_CANDIDAT,0.1576366275548935
intra_CANDIDAT,0.4349212944507599
intra_CANDIDAT,0.268274188041687
intra_CANDIDAT,0.40193939208984375
intra_CANDIDAT,0.2710076570510864
intra_CANDIDAT,0.18847410380840302
intra_CANDIDAT,0.2751374840736389
intra_CANDIDAT,0.04301531985402107
intra_CANDIDAT,0.30950498580932617
intra_CANDIDAT,0.07169154286384583
intra_CANDIDAT,0.2042369395494461
intra_CANDIDAT,0.23333698511123657
intra_CANDIDAT,0.3393562436103821
intra_CANDIDAT,0.08906879276037216
intra_CANDIDAT,0.14256851375102997
intra_CANDIDAT,0.0009594120201654732
intra_CANDIDAT,0.08125746250152588
intra_CANDIDAT,0.1565508395433426
intra_CANDIDAT,0.17626814544200897
intra_CANDIDAT,0.13819155097007751
intra_CANDIDAT,0.19843527674674988
intra_CANDIDAT,0.18745550513267517
intra_CANDIDAT,0.3707427680492401
intra_CANDIDAT,0.16075964272022247
intra_CANDIDAT,0.18715573847293854
intra_CANDIDAT,0.8572906851768494
intra_CANDIDAT,0.29402315616607666
intra_CANDIDAT,0.2706887722015381
intra_CANDIDAT,0.06952684372663498
intra_CANDIDAT,0.33508798480033875
intra_CANDIDAT,0.2618328630924225
intra_CANDIDAT,0.26864975690841675
intra_CANDIDAT,0.07397112250328064
intra_CANDIDAT,0.2058253288269043
intra_CANDIDAT,0.29791656136512756
intra_CANDIDAT,0.18118712306022644
intra_CANDIDAT,0.2330232709646225
intra_CANDIDAT,0.14152048528194427
intra_CANDIDAT,0.33381950855255127
intra_CANDIDAT,0.17966797947883606
intra_CANDIDAT,0.06080196797847748
intra_CANDIDAT,0.37044960260391235
intra_CANDIDAT,0.0855000764131546
intra_CANDIDAT,0.3006688952445984
intra_CANDIDAT,0.304871529340744
intra_CANDIDAT,0.257177472114563
intra_CANDIDAT,0.17405880987644196
intra_CANDIDAT,0.35580742359161377
intra_CANDIDAT,0.24933196604251862
intra_CANDIDAT,0.20869718492031097
intra_CANDIDAT,0.20892216265201569
intra_CANDIDAT,0.0813082829117775
intra_CANDIDAT,0.18571802973747253
intra_CANDIDAT,0.22094380855560303
intra_CANDIDAT,0.3325045704841614
intra_CANDIDAT,-0.0008876718929968774
intra_CANDIDAT,0.09366033226251602
intra_CANDIDAT,0.2511720061302185
intra_CANDIDAT,0.17776158452033997
intra_CANDIDAT,0.1909969449043274
intra_CANDIDAT,0.07714328169822693
intra_CANDIDAT,0.12156569957733154
intra_CANDIDAT,0.1843494027853012
intra_CANDIDAT,0.11346569657325745
intra_CANDIDAT,0.19897346198558807
intra_CANDIDAT,0.10873156785964966
intra_CANDIDAT,0.1535029113292694
intra_CANDIDAT,0.04773221164941788
intra_CANDIDAT,0.21529963612556458
intra_CANDIDAT,0.17283733189105988
intra_CANDIDAT,0.1102261021733284
intra_CANDIDAT,0.22253775596618652
intra_CANDIDAT,0.16595695912837982
intra_CANDIDAT,0.25326794385910034
intra_CANDIDAT,0.30340924859046936
intra_CANDIDAT,0.35314610600471497
intra_CANDIDAT,0.09871850162744522
intra_CANDIDAT,0.25854814052581787
intra_CANDIDAT,0.4147680699825287
intra_CANDIDAT,-0.02387951873242855
intra_CANDIDAT,0.168976828455925
intra_CANDIDAT,0.45787835121154785
intra_CANDIDAT,0.19993463158607483
intra_CANDIDAT,0.1443917453289032
intra_CANDIDAT,0.22603155672550201
intra_CANDIDAT,0.34520840644836426
intra_CANDIDAT,0.2099277377128601
intra_CANDIDAT,0.0980944037437439
intra_CANDIDAT,0.16435714066028595
intra_CANDIDAT,0.2290974259376526
intra_CANDIDAT,0.19419164955615997
intra_CANDIDAT,0.3311191499233246
intra_CANDIDAT,0.3313646912574768
intra_CANDIDAT,0.39923095703125
intra_CANDIDAT,0.5800461173057556
intra_CANDIDAT,0.27934327721595764
intra_CANDIDAT,0.02104031853377819
intra_CANDIDAT,0.3594859838485718
intra_CANDIDAT,0.22943416237831116
intra_CANDIDAT,0.1658276617527008
intra_CANDIDAT,0.14076977968215942
intra_CANDIDAT,0.19293849170207977
intra_CANDIDAT,0.16985653340816498
intra_CANDIDAT,0.22406937181949615
intra_CANDIDAT,0.2266014963388443
intra_CANDIDAT,-0.005133537575602531
intra_CANDIDAT,0.4160022437572479
intra_CANDIDAT,0.06974278390407562
intra_CANDIDAT,0.23589465022087097
intra_CANDIDAT,0.6831913590431213
intra_CANDIDAT,-0.0038583124987781048
intra_CANDIDAT,0.06070578470826149
intra_CANDIDAT,0.06041518598794937
intra_CANDIDAT,0.2987358272075653
intra_CANDIDAT,0.14880800247192383
intra_CANDIDAT,0.3948979079723358
intra_CANDIDAT,0.14425912499427795
intra_CANDIDAT,0.10540232807397842
intra_CANDIDAT,0.4034808874130249
intra_CANDIDAT,0.08807946741580963
intra_CANDIDAT,0.33312416076660156
intra_CANDIDAT,0.39324063062667847
intra_CANDIDAT,0.191423699259758
intra_CANDIDAT,0.07573290169239044
intra_CANDIDAT,0.14507481455802917
intra_CANDIDAT,0.1599145084619522
intra_CANDIDAT,0.2014385312795639
intra_CANDIDAT,0.13719893991947174
intra_CANDIDAT,0.2610938847064972
intra_CANDIDAT,0.17269134521484375
intra_CANDIDAT,0.4516022205352783
intra_CANDIDAT,0.016036970540881157
intra_CANDIDAT,0.2480991631746292
intra_CANDIDAT,0.0551152303814888
intra_CANDIDAT,0.3467240333557129
intra_CANDIDAT,0.1664198786020279
intra_CANDIDAT,0.28131547570228577
intra_CANDIDAT,0.17147676646709442
intra_CANDIDAT,0.2693824768066406
intra_CANDIDAT,0.16678905487060547
intra_CANDIDAT,0.12444997578859329
intra_CANDIDAT,0.20390549302101135
intra_CANDIDAT,0.16982659697532654
intra_CANDIDAT,0.23208309710025787
intra_CANDIDAT,0.18146635591983795
intra_CANDIDAT,0.27718713879585266
intra_CANDIDAT,0.0021461115684360266
intra_CANDIDAT,0.1932820826768875
intra_CANDIDAT,0.17434848845005035
intra_CANDIDAT,0.8804820775985718
intra_CANDIDAT,0.5282425284385681
intra_CANDIDAT,-0.018176943063735962
intra_CANDIDAT,0.28529006242752075
intra_CANDIDAT,0.11386892944574356
intra_CANDIDAT,0.12779754400253296
intra_CANDIDAT,0.21344855427742004
intra_CANDIDAT,0.27368244528770447
intra_CANDIDAT,0.07631490379571915
intra_CANDIDAT,0.1271757334470749
intra_CANDIDAT,-0.009758739732205868
intra_CANDIDAT,0.1815299689769745
intra_CANDIDAT,0.42462414503097534
intra_CANDIDAT,0.10801608860492706
intra_CANDIDAT,0.7751950621604919
intra_CANDIDAT,0.09986506402492523
intra_CANDIDAT,0.31175440549850464
intra_CANDIDAT,0.11368768662214279
intra_CANDIDAT,0.47975099086761475
intra_CANDIDAT,0.21649986505508423
intra_CANDIDAT,0.12543703615665436
intra_CANDIDAT,0.24308280646800995
intra_CANDIDAT,0.5266523957252502
intra_CANDIDAT,0.10950476676225662
intra_CANDIDAT,0.04256166145205498
intra_CANDIDAT,0.18016348779201508
intra_CANDIDAT,0.11414194852113724
intra_CANDIDAT,0.15572920441627502
intra_CANDIDAT,0.2178577482700348
intra_CANDIDAT,0.09827025979757309
intra_COMPETENCE,0.2216995805501938
intra_COMPETENCE,0.08846285194158554
intra_COMPETENCE,0.13279038667678833
intra_COMPETENCE,-0.07170768082141876
intra_COMPETENCE,0.1425810009241104
intra_COMPETENCE,0.1041535958647728
intra_COMPETENCE,0.19856798648834229
intra_COMPETENCE,0.013402916491031647
intra_COMPETENCE,0.30646973848342896
intra_COMPETENCE,0.025955114513635635
intra_COMPETENCE,0.22606991231441498
intra_COMPETENCE,0.24785931408405304
intra_COMPETENCE,0.0924377590417862
intra_COMPETENCE,0.13289187848567963
intra_COMPETENCE,0.11396707594394684
intra_COMPETENCE,0.21178320050239563
intra_COMPETENCE,0.14070521295070648
intra_COMPETENCE,0.28422811627388
intra_COMPETENCE,0.21142546832561493
intra_COMPETENCE,0.306269109249115
intra_COMPETENCE,0.04762864485383034
intra_COMPETENCE,0.18385127186775208
intra_COMPETENCE,0.05789310485124588
intra_COMPETENCE,0.04825383052229881
intra_COMPETENCE,0.3121032118797302
intra_COMPETENCE,0.2551041841506958
intra_COMPETENCE,0.23937109112739563
intra_COMPETENCE,0.021253539249300957
intra_COMPETENCE,0.2147378921508789
intra_COMPETENCE,0.27211010456085205
intra_COMPETENCE,0.4427308142185211
intra_COMPETENCE,0.2970048487186432
intra_COMPETENCE,0.10939618200063705
intra_COMPETENCE,0.06961578875780106
intra_COMPETENCE,0.07616295665502548
intra_COMPETENCE,0.2079058736562729
intra_COMPETENCE,0.24952904880046844
intra_COMPETENCE,0.23777389526367188
intra_COMPETENCE,0.2090083360671997
intra_COMPETENCE,0.24146531522274017
intra_COMPETENCE,0.2405063658952713
intra_COMPETENCE,0.05372783541679382
intra_COMPETENCE,0.1980765163898468
intra_COMPETENCE,0.09742976725101471
intra_COMPETENCE,0.11421182006597519
intra_COMPETENCE,0.1756940633058548
intra_COMPETENCE,0.177577406167984
intra_COMPETENCE,0.0852651596069336
intra_COMPETENCE,0.20404718816280365
intra_COMPETENCE,0.22605672478675842
intra_COMPETENCE,0.18129104375839233
intra_COMPETENCE,0.13440318405628204
intra_COMPETENCE,0.03226879984140396
intra_COMPETENCE,0.19532832503318787
intra_COMPETENCE,0.11173900961875916
intra_COMPETENCE,0.24785931408405304
intra_COMPETENCE,0.027112146839499474
intra_COMPETENCE,0.23069623112678528
intra_COMPETENCE,0.07328151911497116
intra_COMPETENCE,0.22439147531986237
intra_COMPETENCE,0.19090905785560608
intra_COMPETENCE,-0.037225887179374695
intra_COMPETENCE,0.12842263281345367
intra_COMPETENCE,0.26658931374549866
intra_COMPETENCE,0.2175392061471939
intra_COMPETENCE,0.13154922425746918
intra_COMPETENCE,0.10412571579217911
intra_COMPETENCE,0.06839654594659805
intra_COMPETENCE,0.1946423351764679
intra_COMPETENCE,3.7579797208309174e-05
intra_COMPETENCE,0.23714476823806763
intra_COMPETENCE,0.3053171932697296
intra_COMPETENCE,0.14610542356967926
intra_COMPETENCE,0.09037619084119797
intra_COMPETENCE,0.36171120405197144
intra_COMPETENCE,0.14206503331661224
intra_COMPETENCE,-0.010170058347284794
intra_COMPETENCE,0.17587000131607056
intra_COMPETENCE,0.19491426646709442
intra_COMPETENCE,0.1584867238998413
intra_COMPETENCE,0.09200439602136612
intra_COMPETENCE,0.1058882474899292
intra_COMPETENCE,0.2755034267902374
intra_COMPETENCE,0.34072792530059814
intra_COMPETENCE,0.26102516055107117
intra_COMPETENCE,0.06686241924762726
intra_COMPETENCE,0.1398414522409439
intra_COMPETENCE,0.25067225098609924
intra_COMPETENCE,0.1902039796113968
intra_COMPETENCE,0.0987936407327652
intra_COMPETENCE,0.11279725283384323
intra_COMPETENCE,0.16346687078475952
intra_COMPETENCE,0.026211559772491455
intra_COMPETENCE,0.061186060309410095
intra_COMPETENCE,0.07254009693861008
intra_COMPETENCE,-0.021395070478320122
intra_COMPETENCE,0.26557672023773193
intra_COMPETENCE,0.1681198626756668
intra_COMPETENCE,0.12023933231830597
intra_COMPETENCE,0.21431325376033783
intra_COMPETENCE,0.16664402186870575
intra_COMPETENCE,0.1359727680683136
intra_COMPETENCE,0.24046260118484497
intra_COMPETENCE,0.19071218371391296
intra_COMPETENCE,0.14137078821659088
intra_COMPETENCE,0.315508097410202
intra_COMPETENCE,0.13528473675251007
intra_COMPETENCE,0.13906744122505188
intra_COMPETENCE,0.4802524149417877
intra_COMPETENCE,0.1595512479543686
intra_COMPETENCE,0.13599592447280884
intra_COMPETENCE,0.024781879037618637
intra_COMPETENCE,0.28429585695266724
intra_COMPETENCE,0.19545800983905792
intra_COMPETENCE,0.16640855371952057
intra_COMPETENCE,0.15882508456707
intra_COMPETENCE,0.1020619198679924
intra_COMPETENCE,0.29624155163764954
intra_COMPETENCE,0.1899840533733368
intra_COMPETENCE,0.20491378009319305
intra_COMPETENCE,0.025215113535523415
intra_COMPETENCE,0.09392919391393661
intra_COMPETENCE,0.27610358595848083
intra_COMPETENCE,0.08737126737833023
intra_COMPETENCE,0.2845059931278229
intra_COMPETENCE,0.10340681672096252
intra_COMPETENCE,0.06714572012424469
intra_COMPETENCE,0.425415575504303
intra_COMPETENCE,0.22952072322368622
intra_COMPETENCE,0.19051824510097504
intra_COMPETENCE,-0.03803696855902672
intra_COMPETENCE,0.22708363831043243
intra_COMPETENCE,0.1660558432340622
intra_COMPETENCE,0.3131810426712036
intra_COMPETENCE,0.20133568346500397
intra_COMPETENCE,0.08885278552770615
intra_COMPETENCE,0.2752060890197754
intra_COMPETENCE,0.10449812561273575
intra_COMPETENCE,0.20694579184055328
intra_COMPETENCE,0.22302186489105225
intra_COMPETENCE,0.09946253150701523
intra_COMPETENCE,0.2701127827167511
intra_COMPETENCE,0.06196338310837746
intra_COMPETENCE,0.08371851593255997
intra_COMPETENCE,0.2550775706768036
intra_COMPETENCE,0.09123794734477997
intra_COMPETENCE,0.08542853593826294
intra_COMPETENCE,0.33236604928970337
intra_COMPETENCE,0.2574448883533478
intra_COMPETENCE,0.14072594046592712
intra_COMPETENCE,0.1478077471256256
intra_COMPETENCE,0.3038736581802368
intra_COMPETENCE,0.13615012168884277
intra_COMPETENCE,0.06162898242473602
intra_COMPETENCE,0.18945170938968658
intra_COMPETENCE,0.1953945904970169
intra_COMPETENCE,0.19374041259288788
intra_COMPETENCE,0.14149802923202515
intra_COMPETENCE,0.032860949635505676
intra_COMPETENCE,0.2122083306312561
intra_COMPETENCE,0.3494512438774109
intra_COMPETENCE,0.2439611852169037
intra_COMPETENCE,0.1658405065536499
intra_COMPETENCE,0.09386081248521805
intra_COMPETENCE,0.09301413595676422
intra_COMPETENCE,0.17933133244514465
intra_COMPETENCE,0.16673044860363007
intra_COMPETENCE,0.17576824128627777
intra_COMPETENCE,-0.031939923763275146
intra_COMPETENCE,0.23235490918159485
intra_COMPETENCE,0.25855669379234314
intra_COMPETENCE,0.11727248132228851
intra_COMPETENCE,0.14500214159488678
intra_COMPETENCE,0.0822787880897522
intra_COMPETENCE,0.2724858522415161
intra_COMPETENCE,0.07230446487665176
intra_COMPETENCE,0.08096299320459366
intra_COMPETENCE,0.0403798408806324
intra_COMPETENCE,0.21592271327972412
intra_COMPETENCE,0.09274578839540482
intra_COMPETENCE,0.18466757237911224
intra_COMPETENCE,0.07098618894815445
intra_COMPETENCE,0.2096874713897705
intra_COMPETENCE,0.19520053267478943
intra_COMPETENCE,0.05899760499596596
intra_COMPETENCE,0.0240724366158247
intra_COMPETENCE,0.028836429119110107
intra_COMPETENCE,0.2000921070575714
intra_COMPETENCE,0.14554917812347412
intra_COMPETENCE,0.14832307398319244
intra_COMPETENCE,0.10722273588180542
intra_COMPETENCE,0.23118972778320312
intra_COMPETENCE,0.1300305724143982
intra_COMPETENCE,0.06091160699725151
intra_COMPETENCE,-0.00897462759166956
intra_COMPETENCE,0.22506512701511383
intra_COMPETENCE,0.2514601945877075
intra_COMPETENCE,0.06746529042720795
intra_COMPETENCE,0.2819669246673584
intra_COMPETENCE,0.19682897627353668
intra_COMPETENCE,0.16962704062461853
intra_COMPETENCE,0.1822586953639984
intra_COMPETENCE,0.29536154866218567
intra_COMPETENCE,0.17534475028514862
intra_COMPETENCE,0.030155707150697708
intra_COMPETENCE,0.1640842705965042
intra_COMPETENCE,0.015611128881573677
intra_COMPETENCE,0.18480826914310455
intra_COMPETENCE,0.09386193007230759
intra_COMPETENCE,0.02061283402144909
intra_COMPETENCE,0.08759947121143341
intra_COMPETENCE,0.14024116098880768
intra_COMPETENCE,0.21482117474079132
intra_COMPETENCE,-0.010297724977135658
intra_COMPETENCE,0.23367303609848022
intra_COMPETENCE,0.13943858444690704
intra_COMPETENCE,0.2925341725349426
intra_COMPETENCE,0.21990498900413513
intra_COMPETENCE,0.32537487149238586
intra_COMPETENCE,0.20600652694702148
intra_COMPETENCE,0.24835315346717834
intra_COMPETENCE,0.048810381442308426
intra_COMPETENCE,0.07889638096094131
intra_COMPETENCE,0.19318489730358124
intra_COMPETENCE,0.21337813138961792
intra_COMPETENCE,0.28201165795326233
intra_COMPETENCE,0.23262016475200653
intra_COMPETENCE,-0.10757662355899811
intra_COMPETENCE,0.21483145654201508
intra_COMPETENCE,0.07800396531820297
intra_COMPETENCE,0.26622962951660156
intra_COMPETENCE,0.22243957221508026
intra_COMPETENCE,0.2604811489582062
intra_COMPETENCE,0.20259401202201843
intra_COMPETENCE,0.07603161782026291
intra_COMPETENCE,-0.0297983530908823
intra_COMPETENCE,0.10049235075712204
intra_COMPETENCE,0.08192102611064911
intra_COMPETENCE,0.3753117620944977
intra_COMPETENCE,0.0069782487116754055
intra_COMPETENCE,0.17074178159236908
intra_COMPETENCE,0.02615870162844658
intra_COMPETENCE,0.03384726494550705
intra_COMPETENCE,0.14990846812725067
intra_COMPETENCE,0.37192705273628235
intra_COMPETENCE,0.19892601668834686
intra_COMPETENCE,0.30414265394210815
intra_COMPETENCE,0.26556387543678284
intra_COMPETENCE,0.2574251592159271
intra_COMPETENCE,0.17906679213047028
intra_METIER,0.1092456728219986
intra_METIER,0.07985690981149673
intra_METIER,0.14732196927070618
intra_METIER,0.10219545662403107
intra_METIER,0.07266879081726074
intra_METIER,-0.052012667059898376
intra_METIER,0.07538717985153198
intra_METIER,0.040895380079746246
intra_METIER,0.16459327936172485
intra_METIER,0.15209650993347168
intra_METIER,0.37933436036109924
intra_METIER,0.24977073073387146
intra_METIER,0.49862271547317505
intra_METIER,-0.11712183058261871
intra_METIER,0.08649560064077377
intra_METIER,0.0056346021592617035
intra_METIER,0.14775454998016357
intra_METIER,0.1453140676021576
intra_METIER,0.1019236296415329
intra_METIER,0.1745757758617401
intra_METIER,-0.042901553213596344
intra_METIER,0.056931037455797195
intra_METIER,0.0853085145354271
intra_METIER,-0.029821457341313362
intra_METIER,-0.044751644134521484
intra_METIER,0.024425523355603218
intra_METIER,0.07622945308685303
intra_METIER,0.07716656476259232
intra_METIER,0.09503214061260223
intra_METIER,0.15660922229290009
intra_METIER,0.15671201050281525
intra_METIER,0.27395033836364746
intra_METIER,0.16017413139343262
intra_METIER,0.07262681424617767
intra_METIER,0.1457098126411438
intra_METIER,0.15046173334121704
intra_METIER,0.02110000140964985
intra_METIER,0.035935427993535995
intra_METIER,0.11411884427070618
intra_METIER,0.0870148167014122
intra_METIER,0.29104578495025635
intra_METIER,0.10930728912353516
intra_METIER,0.19349761307239532
intra_METIER,0.18394194543361664
intra_METIER,0.09094799309968948
intra_METIER,0.06374363601207733
intra_METIER,0.13081105053424835
intra_METIER,0.1457098126411438
intra_METIER,0.260760098695755
intra_METIER,-0.019472287967801094
intra_METIER,0.2762458920478821
intra_METIER,0.08757881820201874
intra_METIER,0.023313134908676147
intra_METIER,-0.012009219266474247
intra_METIER,0.14773863554000854
intra_METIER,0.02269113063812256
intra_METIER,0.22870945930480957
intra_METIER,0.0629308745265007
intra_METIER,-0.02465755119919777
intra_METIER,0.12947846949100494
intra_METIER,0.3583680987358093
intra_METIER,0.08179967850446701
intra_METIER,0.11857498437166214
intra_METIER,0.012099288403987885
intra_METIER,0.27310794591903687
intra_METIER,0.18708378076553345
intra_METIER,0.1446205973625183
intra_METIER,0.05665140599012375
intra_METIER,0.06440086662769318
intra_METIER,0.2256784737110138
intra_METIER,0.11402300000190735
intra_METIER,0.25890207290649414
intra_METIER,0.026824770495295525
intra_METIER,0.13626554608345032
intra_METIER,0.03624149039387703
intra_METIER,0.014029189944267273
intra_METIER,0.046514444053173065
intra_METIER,0.09196238964796066
intra_METIER,0.04721807315945625
intra_METIER,0.0895179882645607
intra_METIER,0.1300029754638672
intra_METIER,0.17592528462409973
intra_METIER,0.37685853242874146
intra_METIER,0.0580405630171299
intra_METIER,0.054747894406318665
intra_METIER,0.1452568620443344
intra_METIER,0.14732196927070618
intra_METIER,-0.02598588541150093
intra_METIER,0.30741772055625916
intra_METIER,0.03565926477313042
intra_METIER,0.1843138486146927
intra_METIER,0.07647674530744553
intra_METIER,0.020401788875460625
intra_METIER,0.15621070563793182
intra_METIER,0.2368755042552948
intra_METIER,0.00827514473348856
intra_METIER,0.2099633365869522
intra_METIER,0.1175018697977066
intra_METIER,-0.019472287967801094
intra_METIER,0.06946446001529694
intra_METIER,0.06955799460411072
intra_METIER,0.13390982151031494
intra_METIER,0.046514444053173065
intra_METIER,0.1251671016216278
intra_METIER,0.3112894594669342
intra_METIER,0.07533413171768188
intra_METIER,-0.10786133259534836
intra_METIER,0.12525241076946259
intra_METIER,0.09678423404693604
intra_METIER,0.09715644270181656
intra_METIER,0.0453987680375576
intra_METIER,0.1650657057762146
intra_METIER,0.10769985616207123
intra_METIER,0.0713220164179802
intra_METIER,0.14397422969341278
intra_METIER,0.12444452941417694
intra_METIER,0.0003002657904289663
intra_METIER,0.08063321560621262
intra_METIER,0.074332594871521
intra_METIER,0.07549332827329636
intra_METIER,0.18340876698493958
intra_METIER,0.14266259968280792
intra_METIER,0.19362033903598785
intra_METIER,0.07880636304616928
intra_METIER,0.30741772055625916
intra_METIER,0.23189997673034668
intra_METIER,0.06811300665140152
intra_METIER,0.17822988331317902
intra_METIER,0.1614895462989807
intra_METIER,0.18000386655330658
intra_METIER,-0.02598588541150093
intra_METIER,-0.022614793851971626
intra_METIER,0.10736056417226791
intra_METIER,0.13326585292816162
intra_OFFRE_EMPLOI,0.01168748363852501
intra_OFFRE_EMPLOI,0.0080918800085783
intra_OFFRE_EMPLOI,0.2358482927083969
intra_OFFRE_EMPLOI,-0.06050765886902809
intra_OFFRE_EMPLOI,0.30405017733573914
intra_OFFRE_EMPLOI,0.5335677266120911
intra_OFFRE_EMPLOI,0.27639779448509216
intra_OFFRE_EMPLOI,0.22634658217430115
intra_OFFRE_EMPLOI,-0.023077500984072685
intra_OFFRE_EMPLOI,0.3302377164363861
intra_OFFRE_EMPLOI,0.5888850688934326
intra_OFFRE_EMPLOI,-0.022497057914733887
intra_OFFRE_EMPLOI,0.23716531693935394
intra_OFFRE_EMPLOI,0.10579349100589752
intra_OFFRE_EMPLOI,0.1450822949409485
intra_OFFRE_EMPLOI,-0.07026093453168869
intra_OFFRE_EMPLOI,-0.025876443833112717
intra_OFFRE_EMPLOI,-0.0739179402589798
intra_OFFRE_EMPLOI,0.07219990342855453
intra_OFFRE_EMPLOI,0.5400355458259583
intra_OFFRE_EMPLOI,0.052152521908283234
intra_OFFRE_EMPLOI,0.060405902564525604
intra_OFFRE_EMPLOI,0.42104679346084595
intra_OFFRE_EMPLOI,0.22871585190296173
intra_OFFRE_EMPLOI,0.18435612320899963
intra_OFFRE_EMPLOI,0.4413048028945923
intra_OFFRE_EMPLOI,0.6038959622383118
intra_OFFRE_EMPLOI,0.09901132434606552
intra_OFFRE_EMPLOI,0.04185621067881584
intra_OFFRE_EMPLOI,0.09498437494039536
intra_OFFRE_EMPLOI,0.11899781227111816
intra_OFFRE_EMPLOI,0.13683386147022247
intra_OFFRE_EMPLOI,0.5403696894645691
intra_OFFRE_EMPLOI,0.4047498106956482
intra_OFFRE_EMPLOI,0.4108268916606903
intra_OFFRE_EMPLOI,0.19021229445934296
intra_OFFRE_EMPLOI,-0.013054043054580688
intra_OFFRE_EMPLOI,-0.013459593988955021
intra_OFFRE_EMPLOI,-0.08758649230003357
intra_OFFRE_EMPLOI,0.05556993931531906
intra_OFFRE_EMPLOI,0.14194534718990326
intra_OFFRE_EMPLOI,0.6644314527511597
intra_OFFRE_EMPLOI,-0.03486292436718941
intra_OFFRE_EMPLOI,-0.15150578320026398
intra_OFFRE_EMPLOI,0.19852815568447113
intra_OFFRE_EMPLOI,0.060380831360816956
intra_OFFRE_EMPLOI,-0.10224440693855286
intra_OFFRE_EMPLOI,-0.1122608333826065
intra_OFFRE_EMPLOI,0.12556254863739014
intra_OFFRE_EMPLOI,0.06662789732217789
intra_OFFRE_EMPLOI,0.1744154989719391
intra_OFFRE_EMPLOI,-0.0374213345348835
intra_OFFRE_EMPLOI,-0.029810450971126556
intra_OFFRE_EMPLOI,0.9999999403953552
intra_OFFRE_EMPLOI,0.0533306710422039
intra_OFFRE_EMPLOI,-0.06785538047552109
intra_OFFRE_EMPLOI,0.5656305551528931
intra_OFFRE_EMPLOI,0.11152283102273941
intra_OFFRE_EMPLOI,0.27205073833465576
intra_OFFRE_EMPLOI,0.3802112936973572
intra_OFFRE_EMPLOI,0.03549809381365776
intra_OFFRE_EMPLOI,0.7831202149391174
intra_OFFRE_EMPLOI,0.45355507731437683
intra_OFFRE_EMPLOI,0.036546867340803146
intra_OFFRE_EMPLOI,-0.15723548829555511
intra_OFFRE_EMPLOI,0.5474211573600769
intra_OFFRE_EMPLOI,0.16972053050994873
intra_OFFRE_EMPLOI,0.5551654100418091
intra_OFFRE_EMPLOI,0.5142244100570679
intra_OFFRE_EMPLOI,-0.09474426507949829
intra_OFFRE_EMPLOI,0.31888508796691895
intra_OFFRE_EMPLOI,0.22296661138534546
intra_OFFRE_EMPLOI,0.07515764981508255
intra_OFFRE_EMPLOI,0.10778682678937912
intra_OFFRE_EMPLOI,0.5234313607215881
intra_OFFRE_EMPLOI,0.2228044867515564
intra_OFFRE_EMPLOI,0.3142991364002228
intra_OFFRE_EMPLOI,0.30250972509384155
intra_OFFRE_EMPLOI,-0.1714378446340561
intra_OFFRE_EMPLOI,0.15029442310333252
intra_OFFRE_EMPLOI,-0.0806913748383522
intra_OFFRE_EMPLOI,0.4108268916606903
intra_OFFRE_EMPLOI,0.09205539524555206
intra_OFFRE_EMPLOI,0.0304104033857584
intra_OFFRE_EMPLOI,0.012422685511410236
intra_OFFRE_EMPLOI,0.05998154729604721
intra_OFFRE_EMPLOI,0.06623529642820358
intra_OFFRE_EMPLOI,-0.12604230642318726
intra_OFFRE_EMPLOI,0.3003079891204834
intra_OFFRE_EMPLOI,0.17743565142154694
intra_OFFRE_EMPLOI,0.2623535394668579
intra_OFFRE_EMPLOI,0.26380088925361633
intra_OFFRE_EMPLOI,0.05591908469796181
intra_OFFRE_EMPLOI,-0.06567756086587906
intra_OFFRE_EMPLOI,-0.0007474215235561132
intra_OFFRE_EMPLOI,0.23380200564861298
intra_OFFRE_EMPLOI,0.3727630376815796
intra_OFFRE_EMPLOI,0.16493038833141327
intra_OFFRE_EMPLOI,-0.12133469432592392
intra_OFFRE_EMPLOI,-0.04977007210254669
intra_OFFRE_EMPLOI,0.0894659161567688
intra_OFFRE_EMPLOI,0.483810156583786
intra_OFFRE_EMPLOI,1.0000001192092896
intra_OFFRE_EMPLOI,0.17944355309009552
intra_OFFRE_EMPLOI,0.6644314527511597
intra_OFFRE_EMPLOI,-0.010643205605447292
intra_OFFRE_EMPLOI,-0.07773488014936447
intra_OFFRE_EMPLOI,0.02324124611914158
intra_OFFRE_EMPLOI,0.030592618510127068
intra_OFFRE_EMPLOI,0.41888946294784546
intra_OFFRE_EMPLOI,0.3141952157020569
intra_OFFRE_EMPLOI,0.0608682781457901
intra_OFFRE_EMPLOI,-0.04794672504067421
intra_OFFRE_EMPLOI,0.12131617963314056
intra_OFFRE_EMPLOI,0.1786442995071411
intra_OFFRE_EMPLOI,0.40599149465560913
intra_OFFRE_EMPLOI,0.48994681239128113
intra_OFFRE_EMPLOI,0.7045788168907166
intra_OFFRE_EMPLOI,0.5673098564147949
intra_OFFRE_EMPLOI,0.49361157417297363
intra_OFFRE_EMPLOI,-0.049867674708366394
intra_OFFRE_EMPLOI,0.12402749061584473
intra_OFFRE_EMPLOI,0.30205783247947693
intra_OFFRE_EMPLOI,-0.043799638748168945
intra_OFFRE_EMPLOI,-0.026051415130496025
intra_OFFRE_EMPLOI,0.12037284672260284
intra_OFFRE_EMPLOI,0.30007168650627136
intra_OFFRE_EMPLOI,0.4714324474334717
intra_OFFRE_EMPLOI,0.612386167049408
intra_OFFRE_EMPLOI,0.37389299273490906
intra_OFFRE_EMPLOI,0.43855687975883484
intra_OFFRE_EMPLOI,-0.027965528890490532
intra_OFFRE_EMPLOI,-0.15152040123939514
intra_OFFRE_EMPLOI,0.1051463857293129
intra_OFFRE_EMPLOI,0.10774894803762436
intra_OFFRE_EMPLOI,0.2274172455072403
intra_OFFRE_EMPLOI,-0.0856553390622139
intra_OFFRE_EMPLOI,0.14657366275787354
intra_OFFRE_EMPLOI,0.22692753374576569
intra_OFFRE_EMPLOI,0.18580558896064758
intra_OFFRE_EMPLOI,-0.06302723288536072
intra_OFFRE_EMPLOI,0.1672898381948471
intra_OFFRE_EMPLOI,0.17109675705432892
intra_OFFRE_EMPLOI,0.048443932086229324
intra_OFFRE_EMPLOI,0.04679638147354126
intra_OFFRE_EMPLOI,-0.07645667344331741
intra_OFFRE_EMPLOI,0.4181569218635559
intra_OFFRE_EMPLOI,-0.034863848239183426
intra_OFFRE_EMPLOI,0.1039920300245285
intra_OFFRE_EMPLOI,0.19479262828826904
intra_OFFRE_EMPLOI,-0.017563393339514732
intra_OFFRE_EMPLOI,0.672084391117096
intra_OFFRE_EMPLOI,-0.05510956794023514
intra_OFFRE_EMPLOI,0.204998180270195
intra_OFFRE_EMPLOI,0.19462983310222626
intra_OFFRE_EMPLOI,-0.0328100249171257
intra_OFFRE_EMPLOI,0.0528516061604023
intra_OFFRE_EMPLOI,0.4953281581401825
intra_OFFRE_EMPLOI,0.6284568905830383
intra_OFFRE_EMPLOI,0.5656305551528931
intra_OFFRE_EMPLOI,-0.04881071671843529
intra_OFFRE_EMPLOI,0.19281522929668427
intra_OFFRE_EMPLOI,-0.03546757996082306
intra_OFFRE_EMPLOI,0.11308838427066803
intra_OFFRE_EMPLOI,0.32534897327423096
intra_OFFRE_EMPLOI,0.19109520316123962
intra_OFFRE_EMPLOI,0.2527194917201996
intra_OFFRE_EMPLOI,-0.15536507964134216
intra_OFFRE_EMPLOI,0.17724910378456116
intra_OFFRE_EMPLOI,-0.03771745786070824
intra_OFFRE_EMPLOI,0.09280494600534439
intra_OFFRE_EMPLOI,-0.16828034818172455
intra_OFFRE_EMPLOI,0.44738784432411194
intra_OFFRE_EMPLOI,0.09668684750795364
intra_OFFRE_EMPLOI,0.3742249011993408
intra_OFFRE_EMPLOI,-0.24681466817855835
intra_OFFRE_EMPLOI,0.025577079504728317
intra_OFFRE_EMPLOI,0.17387178540229797
intra_OFFRE_EMPLOI,0.47639739513397217
intra_OFFRE_EMPLOI,-0.16532258689403534
intra_OFFRE_EMPLOI,0.2044517546892166
intra_OFFRE_EMPLOI,0.08259446173906326
intra_OFFRE_EMPLOI,-0.09122825413942337
intra_OFFRE_EMPLOI,0.05959172546863556
intra_OFFRE_EMPLOI,-0.09265013039112091
intra_OFFRE_EMPLOI,0.6226827502250671
intra_OFFRE_EMPLOI,-0.043716911226511
intra_OFFRE_EMPLOI,0.5387618541717529
intra_OFFRE_EMPLOI,-0.07868029177188873
intra_OFFRE_EMPLOI,0.31917425990104675
intra_OFFRE_EMPLOI,0.07316336035728455
intra_OFFRE_EMPLOI,0.1134549081325531
intra_OFFRE_EMPLOI,0.13243462145328522
intra_OFFRE_EMPLOI,0.042389605194330215
intra_OFFRE_EMPLOI,-0.022991368547081947
intra_OFFRE_EMPLOI,0.5654898285865784
intra_OFFRE_EMPLOI,0.11708791553974152
intra_OFFRE_EMPLOI,0.48434266448020935
intra_OFFRE_EMPLOI,0.48388680815696716
intra_OFFRE_EMPLOI,0.1360326111316681
intra_OFFRE_EMPLOI,0.16037888824939728
intra_OFFRE_EMPLOI,-0.018256258219480515
intra_OFFRE_EMPLOI,0.061784397810697556
intra_OFFRE_EMPLOI,0.0338551364839077
intra_OFFRE_EMPLOI,0.2539406418800354
intra_OFFRE_EMPLOI,0.16925263404846191
intra_OFFRE_EMPLOI,0.21223436295986176
intra_OFFRE_EMPLOI,0.45355507731437683
intra_OFFRE_EMPLOI,-0.15033605694770813
intra_OFFRE_EMPLOI,0.01888670027256012
intra_OFFRE_EMPLOI,-0.10587657243013382
intra_OFFRE_EMPLOI,-0.22243043780326843
intra_OFFRE_EMPLOI,0.18718820810317993
intra_OFFRE_EMPLOI,0.21917898952960968
intra_OFFRE_EMPLOI,0.5093695521354675
intra_OFFRE_EMPLOI,0.021613487973809242
intra_OFFRE_EMPLOI,0.596115231513977
intra_OFFRE_EMPLOI,0.2638729214668274
intra_OFFRE_EMPLOI,1.0000001192092896
intra_OFFRE_EMPLOI,0.24967393279075623
intra_OFFRE_EMPLOI,0.10790710896253586
intra_OFFRE_EMPLOI,-0.0021462547592818737
intra_OFFRE_EMPLOI,0.021806372329592705
intra_OFFRE_EMPLOI,0.025537816807627678
intra_OFFRE_EMPLOI,0.7915493249893188
intra_OFFRE_EMPLOI,-0.1027345210313797
intra_OFFRE_EMPLOI,0.21223436295986176
intra_OFFRE_EMPLOI,0.35971519351005554
intra_OFFRE_EMPLOI,0.38313838839530945
intra_OFFRE_EMPLOI,0.12545432150363922
intra_OFFRE_EMPLOI,-0.07390530407428741
intra_OFFRE_EMPLOI,0.11144071072340012
intra_OFFRE_EMPLOI,0.13211916387081146
intra_OFFRE_EMPLOI,0.2252713143825531
intra_OFFRE_EMPLOI,0.05476774275302887
intra_OFFRE_EMPLOI,0.17182917892932892
intra_OFFRE_EMPLOI,-0.02517949603497982
intra_OFFRE_EMPLOI,0.6286835074424744
intra_OFFRE_EMPLOI,0.1105998083949089
intra_OFFRE_EMPLOI,0.33938315510749817
intra_OFFRE_EMPLOI,0.12771157920360565
intra_OFFRE_EMPLOI,0.4758202135562897
intra_OFFRE_EMPLOI,0.5387618541717529
intra_OFFRE_EMPLOI,0.5417318940162659
intra_OFFRE_EMPLOI,0.35533085465431213
intra_OFFRE_EMPLOI,0.4527037739753723
intra_OFFRE_EMPLOI,0.0018992279656231403
intra_OFFRE_EMPLOI,0.01790430024266243
intra_OFFRE_EMPLOI,0.13272280991077423
intra_OFFRE_EMPLOI,0.1347866654396057
inter_types,0.05829182267189026
inter_types,-0.05873405188322067
inter_types,0.16311118006706238
inter_types,0.17195861041545868
inter_types,0.015784135088324547
inter_types,0.024904539808630943
inter_types,-0.13919435441493988
inter_types,0.09365671873092651
inter_types,0.000492539256811142
inter_types,-0.04206634685397148
inter_types,-0.05919031798839569
inter_types,-0.07541289925575256
inter_types,0.17787043750286102
inter_types,0.0626411885023117
inter_types,0.07815415412187576
inter_types,0.12044493854045868
inter_types,0.0640401840209961
inter_types,0.11089988052845001
inter_types,-0.04028227925300598
inter_types,-0.07931234687566757
inter_types,0.16360312700271606
inter_types,-0.02808130532503128
inter_types,0.19641828536987305
inter_types,-0.008201182819902897
inter_types,0.0926034227013588
inter_types,0.1771731674671173
inter_types,0.22045226395130157
inter_types,0.010474319569766521
inter_types,-0.01915932074189186
inter_types,0.14194217324256897
inter_types,-0.0370781309902668
inter_types,-0.032799746841192245
inter_types,-0.004059684928506613
inter_types,0.11047981679439545
inter_types,0.021839119493961334
inter_types,-0.07454422116279602
inter_types,0.005760446190834045
inter_types,-0.017665157094597816
inter_types,0.05374017730355263
inter_types,0.02139567770063877
inter_types,0.04247376322746277
inter_types,0.09198671579360962
inter_types,0.10497818142175674
inter_types,0.02327137626707554
inter_types,-0.018576471135020256
inter_types,0.021502671763300896
inter_types,0.13139836490154266
inter_types,0.03239196911454201
inter_types,-0.02010030671954155
inter_types,0.12990602850914001
inter_types,0.002278262982144952
inter_types,-0.010828535072505474
inter_types,-0.0796312466263771
inter_types,0.059469521045684814
inter_types,0.10112622380256653
inter_types,-0.02383805811405182
inter_types,0.26735353469848633
inter_types,-0.006686072330921888
inter_types,0.144953653216362
inter_types,0.056333549320697784
inter_types,0.03684592247009277
inter_types,0.04949739947915077
inter_types,0.137032613158226
inter_types,-0.05383775010704994
inter_types,-0.0020465252455323935
inter_types,0.09484316408634186
inter_types,0.2399711012840271
inter_types,0.05822261422872543
inter_types,-0.10286363214254379
inter_types,0.05562390387058258
inter_types,0.11891728639602661
inter_types,-0.0019090017303824425
inter_types,0.05087052285671234
inter_types,0.1421540528535843
inter_types,0.01604931429028511
inter_types,0.06811433285474777
inter_types,0.06517826020717621
inter_types,0.13650090992450714
inter_types,0.10227768123149872
inter_types,0.10029850900173187
inter_types,0.10746651887893677
inter_types,0.029911495745182037
inter_types,-0.05346832796931267
inter_types,0.044549860060214996
inter_types,0.1332022249698639
inter_types,-0.03886036574840546
inter_types,0.08678905665874481
inter_types,0.11501037329435349
inter_types,0.06912558525800705
inter_types,0.053401969373226166
inter_types,-0.015304593369364738
inter_types,0.23860490322113037
inter_types,0.1783023476600647
inter_types,-0.08852729946374893
inter_types,0.008027562871575356
inter_types,0.029366187751293182
inter_types,0.07721193134784698
inter_types,0.02170955389738083
inter_types,-0.03216725215315819
inter_types,-0.10650461912155151
inter_types,-0.049005791544914246
inter_types,0.21240171790122986
inter_types,0.041659124195575714
inter_types,0.08336351066827774
inter_types,0.3297102749347687
inter_types,0.10059576481580734
inter_types,0.035557642579078674
inter_types,0.07416907697916031
inter_types,-0.05243079736828804
inter_types,0.06772848963737488
inter_types,0.03854852914810181
inter_types,0.1094912514090538
inter_types,0.0920608639717102
inter_types,0.16822896897792816
inter_types,0.1191292554140091
inter_types,-0.07009553164243698
inter_types,0.09509607404470444
inter_types,0.010549274273216724
inter_types,0.08924738317728043
inter_types,0.0902005285024643
inter_types,-0.060223303735256195
inter_types,-0.050809163600206375
inter_types,0.0039980742149055
inter_types,0.02014870010316372
inter_types,0.12301234900951385
inter_types,0.007185925729572773
inter_types,0.1769699603319168
inter_types,0.12796339392662048
inter_types,0.14107130467891693
inter_types,0.052444640547037125
inter_types,-0.03350169584155083
inter_types,0.186706081032753
inter_types,0.0633649006485939
inter_types,-0.004823152907192707
inter_types,0.04529808834195137
inter_types,0.06175289303064346
inter_types,0.11939828097820282
inter_types,0.08999233692884445
inter_types,0.1427071988582611
inter_types,0.15899226069450378
inter_types,0.4012208878993988
inter_types,-0.01827884092926979
inter_types,0.18004634976387024
inter_types,0.02198033593595028
inter_types,0.2082718163728714
inter_types,0.041297219693660736
inter_types,-0.05660545080900192
inter_types,-0.012116705067455769
inter_types,0.08379771560430527
inter_types,0.11155926436185837
inter_types,0.02134629152715206
inter_types,-0.0027102113235741854
inter_types,0.3081210255622864
inter_types,0.008347276598215103
inter_types,0.04504067078232765
inter_types,0.28069546818733215
inter_types,0.1044558435678482
inter_types,0.014938983134925365
inter_types,-0.0624837651848793
inter_types,0.04523922875523567
inter_types,0.04231732338666916
inter_types,-0.10534471273422241
inter_types,0.007127548102289438
inter_types,-0.02916865423321724
inter_types,0.12213566899299622
inter_types,0.16536328196525574
inter_types,0.1327057033777237
inter_types,0.09225501120090485
inter_types,0.2231099158525467
inter_types,0.01204630546271801
inter_types,0.004378920886665583
inter_types,0.09361079335212708
inter_types,0.10644282400608063
inter_types,0.0010283623123541474
inter_types,0.08809667825698853
inter_types,-0.0082608787342906
inter_types,0.22722119092941284
inter_types,0.008627553470432758
inter_types,0.17724716663360596
inter_types,-0.03937283903360367
inter_types,0.06039183586835861
inter_types,0.08572862297296524
inter_types,-0.023747308179736137
inter_types,0.014319689944386482
inter_types,-0.0404745489358902
inter_types,0.17796218395233154
inter_types,-0.04001108184456825
inter_types,0.41338321566581726
inter_types,-0.05501754954457283
inter_types,0.08283358812332153
inter_types,0.15296024084091187
inter_types,-0.0545465461909771
inter_types,0.08024083822965622
inter_types,-0.04661035165190697
inter_types,0.0022528741974383593
inter_types,0.14008575677871704
inter_types,0.059400588274002075
inter_types,0.04848179966211319
inter_types,0.02925826422870159
inter_types,0.12331601977348328
inter_types,0.03228887915611267
inter_types,0.13439776003360748
inter_types,0.2135014683008194
inter_types,-0.06607519835233688
inter_types,0.07416141033172607
inter_types,0.05037446692585945
inter_types,0.1732870489358902
inter_types,0.018512850627303123
inter_types,-0.11791505664587021
inter_types,0.04299917444586754
inter_types,0.05209827050566673
inter_types,-0.09677707403898239
inter_types,0.34598761796951294
inter_types,-0.038154296576976776
inter_types,0.1450706273317337
inter_types,0.1613512635231018
inter_types,0.08944518864154816
inter_types,0.1486455500125885
inter_types,0.14928026497364044
inter_types,0.025168582797050476
inter_types,-0.012327315285801888
inter_types,-0.05244956165552139
inter_types,0.09596511721611023
inter_types,-0.07772587984800339
inter_types,0.1568152755498886
inter_types,0.06026716157793999
inter_types,0.03927074372768402
inter_types,0.10534866899251938
inter_types,0.14052289724349976
inter_types,-0.049752961844205856
inter_types,-0.00763239711523056
inter_types,-0.05064408481121063
inter_types,-0.0021284925751388073
inter_types,-0.1005563884973526
inter_types,0.11438173800706863
inter_types,0.23051247000694275
inter_types,0.17198097705841064
inter_types,0.11067096889019012
inter_types,0.03146279230713844
inter_types,0.026295466348528862
inter_types,-0.009078754112124443
inter_types,0.026297828182578087
inter_types,0.004679466597735882
inter_types,-0.16412051022052765
inter_types,-0.08344800025224686
inter_types,-0.056220654398202896
inter_types,0.020574389025568962
inter_types,0.12625235319137573
inter_types,0.12035776674747467
inter_types,0.0695192739367485
inter_types,0.07212952524423599
inter_types,-0.0372127965092659
inter_types,-0.06377383321523666
inter_types,0.15549840033054352
inter_types,0.16589288413524628
inter_types,-0.011551914736628532
inter_types,-0.009026741608977318
inter_types,0.11493276059627533
inter_types,-0.07535631954669952
inter_types,0.00657070055603981
inter_types,0.0390184186398983
inter_types,-0.11920163035392761
inter_types,0.1331062763929367
inter_types,0.20864337682724
inter_types,0.09353224188089371
inter_types,-0.0014616696862503886
inter_types,0.02075360342860222
inter_types,0.035885509103536606
inter_types,-0.007126323878765106
inter_types,0.14366376399993896
inter_types,0.05452112480998039
inter_types,0.10576425492763519
inter_types,0.09934988617897034
inter_types,0.10331762582063675
inter_types,0.012669971212744713
inter_types,0.05370665714144707
inter_types,0.11002177000045776
inter_types,-0.044325269758701324
inter_types,-0.025341501459479332
inter_types,-0.027960190549492836
inter_types,0.019886083900928497
inter_types,-0.0010621706023812294
inter_types,0.051731184124946594
inter_types,0.08727292716503143
inter_types,-0.011245939880609512
inter_types,0.21642141044139862
inter_types,0.07663453370332718
inter_types,0.05371600389480591
inter_types,0.16028378903865814
inter_types,0.01818365603685379
inter_types,-0.1020485907793045
inter_types,0.059828177094459534
inter_types,0.12358861416578293
inter_types,-0.09539194405078888
inter_types,0.056481387466192245
inter_types,-0.03416707366704941
inter_types,0.003508950350806117
inter_types,-0.13586363196372986
inter_types,0.1098218560218811
inter_types,0.11221341788768768
inter_types,-0.0405023954808712
inter_types,0.18609143793582916
inter_types,0.2151147872209549
inter_types,0.05479225888848305
inter_types,-0.05009825527667999
inter_types,-0.0774720087647438
inter_types,0.15519969165325165
inter_types,0.05381835252046585
inter_types,0.05668971315026283
inter_types,0.06888589262962341
inter_types,0.1127883717417717
inter_types,-0.003158947918564081
inter_types,0.048371683806180954
inter_types,0.03702686354517937
inter_types,-0.12583468854427338
inter_types,-0.07832662016153336
inter_types,0.0450420044362545
inter_types,0.013656696304678917
inter_types,0.08661545068025589
inter_types,0.3479538857936859
inter_types,0.0751974880695343
inter_types,0.07186813652515411
inter_types,-0.0705953985452652
inter_types,0.046026621013879776
inter_types,0.020099425688385963
inter_types,0.41059303283691406
inter_types,0.12746810913085938
inter_types,-0.11152684688568115
inter_types,0.07793367654085159
inter_types,0.005136344116181135
inter_types,-0.09469165652990341
inter_types,0.07326364517211914
inter_types,-0.040394123643636703
inter_types,0.15277737379074097
inter_types,0.036894600838422775
inter_types,0.4576002359390259
inter_types,0.008632970973849297
inter_types,0.03814319521188736
inter_types,0.11195801943540573
inter_types,-0.03605247288942337
inter_types,0.09786370396614075
inter_types,-0.029721304774284363
inter_types,-0.025970958173274994
inter_types,0.22583143413066864
inter_types,0.04749702662229538
inter_types,0.0877755731344223
inter_types,0.012747463770210743
inter_types,0.055926691740751266
inter_types,0.10810498893260956
inter_types,0.011626680381596088
inter_types,0.22963842749595642
inter_types,0.21304355561733246
inter_types,0.23434554040431976
inter_types,0.20808835327625275
inter_types,-0.1159476786851883
inter_types,0.15600310266017914
inter_types,-0.09325546026229858
inter_types,0.14643655717372894
inter_types,0.0045042191632092
inter_types,0.03302157670259476
inter_types,0.13131381571292877
inter_types,0.05420441925525665
inter_types,0.1577294021844864
inter_types,0.05845874547958374
inter_types,0.1261681765317917
inter_types,0.008313830941915512
inter_types,0.029626507312059402
inter_types,0.006344701163470745
inter_types,0.2393476963043213
inter_types,0.01296943612396717
inter_types,0.06754633784294128
inter_types,-0.01819966547191143
inter_types,0.14671233296394348
inter_types,0.1227794885635376
inter_types,0.022730564698576927
inter_types,0.110092394053936
inter_types,0.11171728372573853
inter_types,0.19412881135940552
inter_types,0.08421451598405838
inter_types,-0.04721326008439064
inter_types,0.13976557552814484
inter_types,0.12922166287899017
inter_types,0.08639903366565704
inter_types,0.08538958430290222
inter_types,0.04432610422372818
inter_types,0.09891402721405029
inter_types,0.07350055873394012
inter_types,0.15350794792175293
inter_types,-0.17362603545188904
inter_types,0.044131454080343246
inter_types,0.04894747585058212
inter_types,0.10982749611139297
inter_types,0.06582393497228622
inter_types,0.041982296854257584
inter_types,0.058946575969457626
inter_types,-0.07573791593313217
inter_types,0.012775784358382225
inter_types,-0.012928548268973827
inter_types,0.1515328586101532
inter_types,-0.057521019130945206
inter_types,0.1371549367904663
inter_types,-0.12997329235076904
inter_types,-0.023492857813835144
inter_types,-0.12702104449272156
inter_types,-0.060179702937603
inter_types,0.0395137183368206
inter_types,0.1951470524072647
inter_types,-0.024453088641166687
inter_types,0.022699100896716118
inter_types,0.36649927496910095
inter_types,-0.025275522843003273
inter_types,-0.07131874561309814
inter_types,0.05636468902230263
inter_types,-0.07216321676969528
inter_types,0.08862009644508362
inter_types,0.18394945561885834
inter_types,0.31677231192588806
inter_types,-0.03612740337848663
inter_types,0.1235465332865715
inter_types,0.26917487382888794
inter_types,0.13925442099571228
inter_types,-0.0023576696403324604
inter_types,0.07687544077634811
inter_types,0.035817164927721024
inter_types,-0.0276727844029665
inter_types,0.12340248376131058
